{"graphWidth":20,"refreshRate":1250,"backgroundColor":[0,0,0,1],"borderColor":[0.7294117647058823,0.7411764705882353,0.7137254901960784,1],"smooth":false,"cpu":{"enabled":true,"colors":[[0.7294117647058823,0.7411764705882353,0.7137254901960784,1],[0.5333333333333333,0.5411764705882353,0.5215686274509804,1],[0.3333333333333333,0.3411764705882353,0.3254901960784314,1],[0.1803921568627451,0.20392156862745098,0.21176470588235294,1]]},"mem":{"enabled":true,"colors":[[0.1803921568627451,0.20392156862745098,0.21176470588235294,1],[0.5333333333333333,0.5411764705882353,0.5215686274509804,1]]},"swap":{"enabled":false,"colors":[[0.4470588235294118,0.6235294117647059,0.8117647058823529,1]]},"net":{"enabled":false,"colors":[[0.5411764705882353,0.8862745098039215,0.20392156862745098,1],[0.9372549019607843,0.1607843137254902,0.1607843137254902,1]]},"load":{"enabled":false,"colors":[[0.8,0,0,1]]}}